{  
   "bottom_left":[  
      40.746422,
      -73.994753
   ],
   "top_right":[  
      40.763328,
      -73.968039
   ]
}